patient_id,patient_name,gender,dob,phone,email,city,preferred_hospital,home_location_id
PAT0001,Aditya Bhatia,F,2002-07-22,9756220212,patient1@mail.com,delhi,"Max Super Speciality Hospital, Saket",LOC0001
PAT0002,Krishna Yadav,O,1990-07-29,9229450829,patient2@mail.com,noida,"Max Super Speciality Hospital, Patparganj",LOC0002
PAT0003,Rohan Reddy,F,2007-05-27,9867399338,patient3@mail.com,ghaziabad,"Max Super Speciality Hospital, Vaishali",LOC0003
PAT0004,Rahul Sharma,O,2003-05-24,9736310452,patient4@mail.com,gurugram,"Max Super Speciality Hospital, Shalimar Bagh",LOC0004
PAT0005,Ananya Bhatia,M,1987-10-28,9210109161,patient5@mail.com,lucknow,"Max Super Speciality Hospital, Gurgaon",LOC0005
PAT0006,Aisha Yadav,F,1968-09-21,9619535166,patient6@mail.com,pune,"Max Hospital, Noida",LOC0006
PAT0007,Sneha Reddy,M,1994-09-21,9609645742,patient7@mail.com,Mumbai,"Max Hospital, Lucknow",LOC0007
PAT0008,Priya Sharma,F,1979-12-15,9903260828,patient8@mail.com,Banguluru,"Max Healthcare Partner Centre, Pune",LOC0008
PAT0009,Ritika Bhatia,O,1984-04-01,9260746600,patient9@mail.com,delhi,"Max Healthcare Partner Centre, Mumbai",LOC0009
PAT0010,Sanjay Yadav,O,1995-08-06,9905775506,patient10@mail.com,noida,"Max Healthcare Partner Centre, Banguluru",LOC0010
PAT0011,Manoj Reddy,F,1971-08-19,9266409039,patient11@mail.com,ghaziabad,"Max Super Speciality Hospital, Saket",LOC0011
PAT0012,Suresh Sharma,F,1986-06-22,9779547462,patient12@mail.com,gurugram,"Max Super Speciality Hospital, Patparganj",LOC0012
PAT0013,Swati Bhatia,F,2017-04-15,9142666502,patient13@mail.com,lucknow,"Max Super Speciality Hospital, Vaishali",LOC0013
PAT0014,Aarav Yadav,F,1981-04-10,9683036870,patient14@mail.com,pune,"Max Super Speciality Hospital, Shalimar Bagh",LOC0014
PAT0015,Aditya Reddy,M,2019-10-15,9588509571,patient15@mail.com,Mumbai,"Max Super Speciality Hospital, Gurgaon",LOC0015
PAT0016,Krishna Sharma,M,1963-01-08,9736220366,patient16@mail.com,Banguluru,"Max Hospital, Noida",LOC0016
PAT0017,Rohan Bhatia,F,2007-04-10,9520855642,patient17@mail.com,delhi,"Max Hospital, Lucknow",LOC0017
PAT0018,Rahul Yadav,M,1963-06-20,9368913245,patient18@mail.com,noida,"Max Healthcare Partner Centre, Pune",LOC0018
PAT0019,Ananya Reddy,F,2004-09-23,9455748392,patient19@mail.com,ghaziabad,"Max Healthcare Partner Centre, Mumbai",LOC0019
PAT0020,Aisha Sharma,M,1988-04-16,9672335674,patient20@mail.com,gurugram,"Max Healthcare Partner Centre, Banguluru",LOC0020
PAT0021,Sneha Bhatia,F,2004-05-25,9577875602,patient21@mail.com,lucknow,"Max Super Speciality Hospital, Saket",LOC0021
PAT0022,Priya Yadav,O,1998-02-08,9760034691,patient22@mail.com,pune,"Max Super Speciality Hospital, Patparganj",LOC0022
PAT0023,Ritika Reddy,M,1994-03-05,9657875954,patient23@mail.com,Mumbai,"Max Super Speciality Hospital, Vaishali",LOC0023
PAT0024,Sanjay Sharma,F,2015-07-20,9306910324,patient24@mail.com,Banguluru,"Max Super Speciality Hospital, Shalimar Bagh",LOC0024
PAT0025,Manoj Bhatia,O,2000-10-27,9202070743,patient25@mail.com,delhi,"Max Super Speciality Hospital, Gurgaon",LOC0025
PAT0026,Suresh Yadav,O,1976-01-28,9398922032,patient26@mail.com,noida,"Max Hospital, Noida",LOC0026
PAT0027,Swati Reddy,O,2001-04-06,9737300677,patient27@mail.com,ghaziabad,"Max Hospital, Lucknow",LOC0027
PAT0028,Aarav Sharma,O,1970-09-15,9472084765,patient28@mail.com,gurugram,"Max Healthcare Partner Centre, Pune",LOC0028
PAT0029,Aditya Bhatia,F,1962-04-25,9406957049,patient29@mail.com,lucknow,"Max Healthcare Partner Centre, Mumbai",LOC0029
PAT0030,Krishna Yadav,O,1977-09-12,9226027865,patient30@mail.com,pune,"Max Healthcare Partner Centre, Banguluru",LOC0030
PAT0031,Rohan Reddy,M,1962-04-26,9222659914,patient31@mail.com,Mumbai,"Max Super Speciality Hospital, Saket",LOC0031
PAT0032,Rahul Sharma,O,2006-04-21,9556925262,patient32@mail.com,Banguluru,"Max Super Speciality Hospital, Patparganj",LOC0032
PAT0033,Ananya Bhatia,M,1998-06-06,9354022602,patient33@mail.com,delhi,"Max Super Speciality Hospital, Vaishali",LOC0033
PAT0034,Aisha Yadav,F,1964-12-27,9379882091,patient34@mail.com,noida,"Max Super Speciality Hospital, Shalimar Bagh",LOC0034
PAT0035,Sneha Reddy,F,2006-02-27,9942651655,patient35@mail.com,ghaziabad,"Max Super Speciality Hospital, Gurgaon",LOC0035
PAT0036,Priya Sharma,F,2016-10-16,9401216881,patient36@mail.com,gurugram,"Max Hospital, Noida",LOC0036
PAT0037,Ritika Bhatia,M,2014-11-17,9954181932,patient37@mail.com,lucknow,"Max Hospital, Lucknow",LOC0037
PAT0038,Sanjay Yadav,F,1965-03-17,9504716822,patient38@mail.com,pune,"Max Healthcare Partner Centre, Pune",LOC0038
PAT0039,Manoj Reddy,F,2016-03-20,9901340836,patient39@mail.com,Mumbai,"Max Healthcare Partner Centre, Mumbai",LOC0039
PAT0040,Suresh Sharma,F,2019-02-10,9385250517,patient40@mail.com,Banguluru,"Max Healthcare Partner Centre, Banguluru",LOC0040
PAT0041,Swati Bhatia,O,2004-08-28,9649272818,patient41@mail.com,delhi,"Max Super Speciality Hospital, Saket",LOC0041
PAT0042,Aarav Yadav,M,1999-05-20,9839583682,patient42@mail.com,noida,"Max Super Speciality Hospital, Patparganj",LOC0042
PAT0043,Aditya Reddy,O,1969-11-24,9700766137,patient43@mail.com,ghaziabad,"Max Super Speciality Hospital, Vaishali",LOC0043
PAT0044,Krishna Sharma,M,1984-04-08,9637462914,patient44@mail.com,gurugram,"Max Super Speciality Hospital, Shalimar Bagh",LOC0044
PAT0045,Rohan Bhatia,F,1976-01-31,9391247966,patient45@mail.com,lucknow,"Max Super Speciality Hospital, Gurgaon",LOC0045
PAT0046,Rahul Yadav,F,2007-06-08,9334718661,patient46@mail.com,pune,"Max Hospital, Noida",LOC0046
PAT0047,Ananya Reddy,F,1983-10-09,9541541267,patient47@mail.com,Mumbai,"Max Hospital, Lucknow",LOC0047
PAT0048,Aisha Sharma,O,2008-04-19,9851697216,patient48@mail.com,Banguluru,"Max Healthcare Partner Centre, Pune",LOC0048
PAT0049,Sneha Bhatia,O,1984-07-13,9854440262,patient49@mail.com,delhi,"Max Healthcare Partner Centre, Mumbai",LOC0049
PAT0050,Priya Yadav,M,2015-12-24,9707645428,patient50@mail.com,noida,"Max Healthcare Partner Centre, Banguluru",LOC0050
PAT0051,Ritika Reddy,M,1957-05-31,9272811725,patient51@mail.com,ghaziabad,"Max Super Speciality Hospital, Saket",LOC0051
PAT0052,Sanjay Sharma,M,1968-10-16,9818115406,patient52@mail.com,gurugram,"Max Super Speciality Hospital, Patparganj",LOC0052
PAT0053,Manoj Bhatia,F,1971-05-07,9773225842,patient53@mail.com,lucknow,"Max Super Speciality Hospital, Vaishali",LOC0053
PAT0054,Suresh Yadav,O,2017-02-23,9823634930,patient54@mail.com,pune,"Max Super Speciality Hospital, Shalimar Bagh",LOC0054
PAT0055,Swati Reddy,O,2004-05-10,9157299519,patient55@mail.com,Mumbai,"Max Super Speciality Hospital, Gurgaon",LOC0055
PAT0056,Aarav Sharma,M,2005-03-15,9659456262,patient56@mail.com,Banguluru,"Max Hospital, Noida",LOC0056
PAT0057,Aditya Bhatia,O,2018-02-26,9264163186,patient57@mail.com,delhi,"Max Hospital, Lucknow",LOC0057
PAT0058,Krishna Yadav,O,1993-06-19,9714807118,patient58@mail.com,noida,"Max Healthcare Partner Centre, Pune",LOC0058
PAT0059,Rohan Reddy,F,1955-01-30,9314459117,patient59@mail.com,ghaziabad,"Max Healthcare Partner Centre, Mumbai",LOC0059
PAT0060,Rahul Sharma,F,1990-02-06,9473706006,patient60@mail.com,gurugram,"Max Healthcare Partner Centre, Banguluru",LOC0060
PAT0061,Ananya Bhatia,F,2005-03-28,9196670442,patient61@mail.com,lucknow,"Max Super Speciality Hospital, Saket",LOC0061
PAT0062,Aisha Yadav,O,2013-04-17,9436365080,patient62@mail.com,pune,"Max Super Speciality Hospital, Patparganj",LOC0062
PAT0063,Sneha Reddy,O,1960-02-13,9919918318,patient63@mail.com,Mumbai,"Max Super Speciality Hospital, Vaishali",LOC0063
PAT0064,Priya Sharma,O,1993-12-23,9871448508,patient64@mail.com,Banguluru,"Max Super Speciality Hospital, Shalimar Bagh",LOC0064
PAT0065,Ritika Bhatia,M,1960-07-03,9693742954,patient65@mail.com,delhi,"Max Super Speciality Hospital, Gurgaon",LOC0065
PAT0066,Sanjay Yadav,M,1976-02-02,9678387884,patient66@mail.com,noida,"Max Hospital, Noida",LOC0066
PAT0067,Manoj Reddy,M,2012-03-04,9419515604,patient67@mail.com,ghaziabad,"Max Hospital, Lucknow",LOC0067
PAT0068,Suresh Sharma,M,2014-09-05,9814700725,patient68@mail.com,gurugram,"Max Healthcare Partner Centre, Pune",LOC0068
PAT0069,Swati Bhatia,O,1974-08-26,9247344083,patient69@mail.com,lucknow,"Max Healthcare Partner Centre, Mumbai",LOC0069
PAT0070,Aarav Yadav,O,1972-08-14,9722873227,patient70@mail.com,pune,"Max Healthcare Partner Centre, Banguluru",LOC0070
PAT0071,Aditya Reddy,M,1988-07-23,9164058319,patient71@mail.com,Mumbai,"Max Super Speciality Hospital, Saket",LOC0071
PAT0072,Krishna Sharma,O,1996-07-20,9856481561,patient72@mail.com,Banguluru,"Max Super Speciality Hospital, Patparganj",LOC0072
PAT0073,Rohan Bhatia,F,1994-07-13,9952674999,patient73@mail.com,delhi,"Max Super Speciality Hospital, Vaishali",LOC0073
PAT0074,Rahul Yadav,F,1972-01-23,9644293972,patient74@mail.com,noida,"Max Super Speciality Hospital, Shalimar Bagh",LOC0074
PAT0075,Ananya Reddy,O,1973-11-02,9215919112,patient75@mail.com,ghaziabad,"Max Super Speciality Hospital, Gurgaon",LOC0075
PAT0076,Aisha Sharma,O,2011-01-23,9718550614,patient76@mail.com,gurugram,"Max Hospital, Noida",LOC0076
PAT0077,Sneha Bhatia,F,2009-12-05,9229218552,patient77@mail.com,lucknow,"Max Hospital, Lucknow",LOC0077
PAT0078,Priya Yadav,M,1964-02-10,9140830701,patient78@mail.com,pune,"Max Healthcare Partner Centre, Pune",LOC0078
PAT0079,Ritika Reddy,M,1959-02-19,9911944818,patient79@mail.com,Mumbai,"Max Healthcare Partner Centre, Mumbai",LOC0079
PAT0080,Sanjay Sharma,F,2016-01-27,9192452725,patient80@mail.com,Banguluru,"Max Healthcare Partner Centre, Banguluru",LOC0080
PAT0081,Manoj Bhatia,F,1956-08-08,9945026704,patient81@mail.com,delhi,"Max Super Speciality Hospital, Saket",LOC0081
PAT0082,Suresh Yadav,F,1971-12-13,9792811072,patient82@mail.com,noida,"Max Super Speciality Hospital, Patparganj",LOC0082
PAT0083,Swati Reddy,O,1995-10-17,9598825277,patient83@mail.com,ghaziabad,"Max Super Speciality Hospital, Vaishali",LOC0083
PAT0084,Aarav Sharma,O,1970-05-28,9408975943,patient84@mail.com,gurugram,"Max Super Speciality Hospital, Shalimar Bagh",LOC0084
PAT0085,Aditya Bhatia,F,1993-08-05,9596243749,patient85@mail.com,lucknow,"Max Super Speciality Hospital, Gurgaon",LOC0085
PAT0086,Krishna Yadav,F,1972-04-07,9106719810,patient86@mail.com,pune,"Max Hospital, Noida",LOC0086
PAT0087,Rohan Reddy,F,2004-02-04,9808033908,patient87@mail.com,Mumbai,"Max Hospital, Lucknow",LOC0087
PAT0088,Rahul Sharma,F,1971-03-02,9314748688,patient88@mail.com,Banguluru,"Max Healthcare Partner Centre, Pune",LOC0088
PAT0089,Ananya Bhatia,M,1961-04-07,9929414390,patient89@mail.com,delhi,"Max Healthcare Partner Centre, Mumbai",LOC0089
PAT0090,Aisha Yadav,M,1973-04-29,9306280545,patient90@mail.com,noida,"Max Healthcare Partner Centre, Banguluru",LOC0090
PAT0091,Sneha Reddy,O,1976-06-04,9396814727,patient91@mail.com,ghaziabad,"Max Super Speciality Hospital, Saket",LOC0091
PAT0092,Priya Sharma,M,1981-02-14,9655028628,patient92@mail.com,gurugram,"Max Super Speciality Hospital, Patparganj",LOC0092
PAT0093,Ritika Bhatia,F,1975-05-29,9301320627,patient93@mail.com,lucknow,"Max Super Speciality Hospital, Vaishali",LOC0093
PAT0094,Sanjay Yadav,O,1993-12-23,9764916888,patient94@mail.com,pune,"Max Super Speciality Hospital, Shalimar Bagh",LOC0094
PAT0095,Manoj Reddy,O,2003-04-14,9332423611,patient95@mail.com,Mumbai,"Max Super Speciality Hospital, Gurgaon",LOC0095
PAT0096,Suresh Sharma,F,2009-07-30,9110243587,patient96@mail.com,Banguluru,"Max Hospital, Noida",LOC0096
PAT0097,Swati Bhatia,M,1991-02-24,9571863060,patient97@mail.com,delhi,"Max Hospital, Lucknow",LOC0097
PAT0098,Aarav Yadav,M,2019-05-18,9156342160,patient98@mail.com,noida,"Max Healthcare Partner Centre, Pune",LOC0098
PAT0099,Aditya Reddy,O,2013-06-27,9606106682,patient99@mail.com,ghaziabad,"Max Healthcare Partner Centre, Mumbai",LOC0099
PAT0100,Krishna Sharma,M,2008-12-25,9802073155,patient100@mail.com,gurugram,"Max Healthcare Partner Centre, Banguluru",LOC0100
PAT0101,Rohan Bhatia,M,2001-07-15,9387294259,patient101@mail.com,lucknow,"Max Super Speciality Hospital, Saket",LOC0101
PAT0102,Rahul Yadav,M,2017-06-18,9551121523,patient102@mail.com,pune,"Max Super Speciality Hospital, Patparganj",LOC0102
PAT0103,Ananya Reddy,F,2005-05-31,9201215776,patient103@mail.com,Mumbai,"Max Super Speciality Hospital, Vaishali",LOC0103
PAT0104,Aisha Sharma,F,1997-10-14,9581539768,patient104@mail.com,Banguluru,"Max Super Speciality Hospital, Shalimar Bagh",LOC0104
PAT0105,Sneha Bhatia,M,1999-06-09,9831668706,patient105@mail.com,delhi,"Max Super Speciality Hospital, Gurgaon",LOC0105
PAT0106,Priya Yadav,F,1993-09-10,9254116394,patient106@mail.com,noida,"Max Hospital, Noida",LOC0106
PAT0107,Ritika Reddy,O,1999-05-21,9561253115,patient107@mail.com,ghaziabad,"Max Hospital, Lucknow",LOC0107
PAT0108,Sanjay Sharma,M,1986-12-30,9744505776,patient108@mail.com,gurugram,"Max Healthcare Partner Centre, Pune",LOC0108
PAT0109,Manoj Bhatia,M,1986-07-29,9457462736,patient109@mail.com,lucknow,"Max Healthcare Partner Centre, Mumbai",LOC0109
PAT0110,Suresh Yadav,M,1958-06-18,9848391453,patient110@mail.com,pune,"Max Healthcare Partner Centre, Banguluru",LOC0110
PAT0111,Swati Reddy,F,1996-10-25,9263485965,patient111@mail.com,Mumbai,"Max Super Speciality Hospital, Saket",LOC0111
PAT0112,Aarav Sharma,O,1999-04-18,9156623014,patient112@mail.com,Banguluru,"Max Super Speciality Hospital, Patparganj",LOC0112
PAT0113,Aditya Bhatia,F,2012-11-01,9525531464,patient113@mail.com,delhi,"Max Super Speciality Hospital, Vaishali",LOC0113
PAT0114,Krishna Yadav,F,2002-11-12,9500864228,patient114@mail.com,noida,"Max Super Speciality Hospital, Shalimar Bagh",LOC0114
PAT0115,Rohan Reddy,O,1961-08-24,9629970442,patient115@mail.com,ghaziabad,"Max Super Speciality Hospital, Gurgaon",LOC0115
PAT0116,Rahul Sharma,F,1985-05-27,9687561185,patient116@mail.com,gurugram,"Max Hospital, Noida",LOC0116
PAT0117,Ananya Bhatia,F,2011-03-03,9584356099,patient117@mail.com,lucknow,"Max Hospital, Lucknow",LOC0117
PAT0118,Aisha Yadav,M,2010-02-19,9362026907,patient118@mail.com,pune,"Max Healthcare Partner Centre, Pune",LOC0118
PAT0119,Sneha Reddy,F,1993-07-31,9393566348,patient119@mail.com,Mumbai,"Max Healthcare Partner Centre, Mumbai",LOC0119
PAT0120,Priya Sharma,F,1985-02-02,9418189505,patient120@mail.com,Banguluru,"Max Healthcare Partner Centre, Banguluru",LOC0120
PAT0121,Ritika Bhatia,M,1958-12-30,9293474827,patient121@mail.com,delhi,"Max Super Speciality Hospital, Saket",LOC0121
PAT0122,Sanjay Yadav,F,1959-08-09,9390046188,patient122@mail.com,noida,"Max Super Speciality Hospital, Patparganj",LOC0122
PAT0123,Manoj Reddy,O,1962-04-22,9674420117,patient123@mail.com,ghaziabad,"Max Super Speciality Hospital, Vaishali",LOC0123
PAT0124,Suresh Sharma,M,1962-12-25,9402325131,patient124@mail.com,gurugram,"Max Super Speciality Hospital, Shalimar Bagh",LOC0124
PAT0125,Swati Bhatia,F,1976-11-22,9293917472,patient125@mail.com,lucknow,"Max Super Speciality Hospital, Gurgaon",LOC0125
PAT0126,Aarav Yadav,M,1978-10-19,9386131064,patient126@mail.com,pune,"Max Hospital, Noida",LOC0126
PAT0127,Aditya Reddy,M,1993-09-29,9424413168,patient127@mail.com,Mumbai,"Max Hospital, Lucknow",LOC0127
PAT0128,Krishna Sharma,O,2009-02-18,9154937237,patient128@mail.com,Banguluru,"Max Healthcare Partner Centre, Pune",LOC0128
PAT0129,Rohan Bhatia,F,1974-08-15,9243908159,patient129@mail.com,delhi,"Max Healthcare Partner Centre, Mumbai",LOC0129
PAT0130,Rahul Yadav,F,1972-06-27,9806668489,patient130@mail.com,noida,"Max Healthcare Partner Centre, Banguluru",LOC0130
PAT0131,Ananya Reddy,M,2003-06-12,9868342626,patient131@mail.com,ghaziabad,"Max Super Speciality Hospital, Saket",LOC0131
PAT0132,Aisha Sharma,O,2008-07-31,9734572553,patient132@mail.com,gurugram,"Max Super Speciality Hospital, Patparganj",LOC0132
PAT0133,Sneha Bhatia,O,1973-09-15,9920911530,patient133@mail.com,lucknow,"Max Super Speciality Hospital, Vaishali",LOC0133
PAT0134,Priya Yadav,F,1957-06-19,9736160393,patient134@mail.com,pune,"Max Super Speciality Hospital, Shalimar Bagh",LOC0134
PAT0135,Ritika Reddy,F,1964-01-27,9457864323,patient135@mail.com,Mumbai,"Max Super Speciality Hospital, Gurgaon",LOC0135
PAT0136,Sanjay Sharma,M,1960-04-21,9470692480,patient136@mail.com,Banguluru,"Max Hospital, Noida",LOC0136
PAT0137,Manoj Bhatia,F,1992-05-10,9108127699,patient137@mail.com,delhi,"Max Hospital, Lucknow",LOC0137
PAT0138,Suresh Yadav,M,1972-03-06,9819266741,patient138@mail.com,noida,"Max Healthcare Partner Centre, Pune",LOC0138
PAT0139,Swati Reddy,M,1965-06-23,9691531919,patient139@mail.com,ghaziabad,"Max Healthcare Partner Centre, Mumbai",LOC0139
PAT0140,Aarav Sharma,O,1983-07-21,9426318553,patient140@mail.com,gurugram,"Max Healthcare Partner Centre, Banguluru",LOC0140
PAT0141,Aditya Bhatia,F,1995-06-16,9122672187,patient141@mail.com,lucknow,"Max Super Speciality Hospital, Saket",LOC0141
PAT0142,Krishna Yadav,F,1968-01-10,9126432439,patient142@mail.com,pune,"Max Super Speciality Hospital, Patparganj",LOC0142
PAT0143,Rohan Reddy,M,2014-08-03,9716017646,patient143@mail.com,Mumbai,"Max Super Speciality Hospital, Vaishali",LOC0143
PAT0144,Rahul Sharma,M,2010-01-23,9781887339,patient144@mail.com,Banguluru,"Max Super Speciality Hospital, Shalimar Bagh",LOC0144
PAT0145,Ananya Bhatia,O,1998-06-24,9652013997,patient145@mail.com,delhi,"Max Super Speciality Hospital, Gurgaon",LOC0145
PAT0146,Aisha Yadav,F,2018-04-01,9383854235,patient146@mail.com,noida,"Max Hospital, Noida",LOC0146
PAT0147,Sneha Reddy,O,1955-06-30,9591850691,patient147@mail.com,ghaziabad,"Max Hospital, Lucknow",LOC0147
PAT0148,Priya Sharma,F,2014-03-11,9812576036,patient148@mail.com,gurugram,"Max Healthcare Partner Centre, Pune",LOC0148
PAT0149,Ritika Bhatia,F,1998-11-05,9346680494,patient149@mail.com,lucknow,"Max Healthcare Partner Centre, Mumbai",LOC0149
PAT0150,Sanjay Yadav,O,2003-01-12,9716214598,patient150@mail.com,pune,"Max Healthcare Partner Centre, Banguluru",LOC0150
PAT0151,Manoj Reddy,F,1994-12-28,9952386057,patient151@mail.com,Mumbai,"Max Super Speciality Hospital, Saket",LOC0151
PAT0152,Suresh Sharma,M,2013-01-23,9846215195,patient152@mail.com,Banguluru,"Max Super Speciality Hospital, Patparganj",LOC0152
PAT0153,Swati Bhatia,M,2013-06-13,9549536374,patient153@mail.com,delhi,"Max Super Speciality Hospital, Vaishali",LOC0153
PAT0154,Aarav Yadav,F,2000-02-18,9360650392,patient154@mail.com,noida,"Max Super Speciality Hospital, Shalimar Bagh",LOC0154
PAT0155,Aditya Reddy,F,1977-01-12,9381291523,patient155@mail.com,ghaziabad,"Max Super Speciality Hospital, Gurgaon",LOC0155
PAT0156,Krishna Sharma,M,1977-06-28,9530397805,patient156@mail.com,gurugram,"Max Hospital, Noida",LOC0156
PAT0157,Rohan Bhatia,M,1963-04-01,9625131438,patient157@mail.com,lucknow,"Max Hospital, Lucknow",LOC0157
PAT0158,Rahul Yadav,M,1977-01-05,9375611491,patient158@mail.com,pune,"Max Healthcare Partner Centre, Pune",LOC0158
PAT0159,Ananya Reddy,O,2004-01-06,9734818548,patient159@mail.com,Mumbai,"Max Healthcare Partner Centre, Mumbai",LOC0159
PAT0160,Aisha Sharma,O,1989-04-16,9111930637,patient160@mail.com,Banguluru,"Max Healthcare Partner Centre, Banguluru",LOC0160
PAT0161,Sneha Bhatia,M,1959-10-27,9684571510,patient161@mail.com,delhi,"Max Super Speciality Hospital, Saket",LOC0161
PAT0162,Priya Yadav,O,1987-09-15,9803671622,patient162@mail.com,noida,"Max Super Speciality Hospital, Patparganj",LOC0162
PAT0163,Ritika Reddy,F,2016-05-25,9823368588,patient163@mail.com,ghaziabad,"Max Super Speciality Hospital, Vaishali",LOC0163
PAT0164,Sanjay Sharma,F,1967-04-12,9301508132,patient164@mail.com,gurugram,"Max Super Speciality Hospital, Shalimar Bagh",LOC0164
PAT0165,Manoj Bhatia,F,1990-02-15,9867043693,patient165@mail.com,lucknow,"Max Super Speciality Hospital, Gurgaon",LOC0165
PAT0166,Suresh Yadav,M,1963-03-08,9188581931,patient166@mail.com,pune,"Max Hospital, Noida",LOC0166
PAT0167,Swati Reddy,M,2008-07-10,9907132318,patient167@mail.com,Mumbai,"Max Hospital, Lucknow",LOC0167
PAT0168,Aarav Sharma,F,1979-08-11,9689832351,patient168@mail.com,Banguluru,"Max Healthcare Partner Centre, Pune",LOC0168
PAT0169,Aditya Bhatia,M,1977-04-07,9925772468,patient169@mail.com,delhi,"Max Healthcare Partner Centre, Mumbai",LOC0169
PAT0170,Krishna Yadav,M,2019-03-15,9900806258,patient170@mail.com,noida,"Max Healthcare Partner Centre, Banguluru",LOC0170
PAT0171,Rohan Reddy,M,1972-09-18,9683578092,patient171@mail.com,ghaziabad,"Max Super Speciality Hospital, Saket",LOC0171
PAT0172,Rahul Sharma,O,2010-06-22,9948817825,patient172@mail.com,gurugram,"Max Super Speciality Hospital, Patparganj",LOC0172
PAT0173,Ananya Bhatia,M,2000-11-25,9113630835,patient173@mail.com,lucknow,"Max Super Speciality Hospital, Vaishali",LOC0173
PAT0174,Aisha Yadav,M,1970-02-24,9456352859,patient174@mail.com,pune,"Max Super Speciality Hospital, Shalimar Bagh",LOC0174
PAT0175,Sneha Reddy,M,1957-01-16,9455849689,patient175@mail.com,Mumbai,"Max Super Speciality Hospital, Gurgaon",LOC0175
PAT0176,Priya Sharma,F,1967-10-19,9322840436,patient176@mail.com,Banguluru,"Max Hospital, Noida",LOC0176
PAT0177,Ritika Bhatia,O,1957-06-30,9432590037,patient177@mail.com,delhi,"Max Hospital, Lucknow",LOC0177
PAT0178,Sanjay Yadav,M,2006-03-13,9486054773,patient178@mail.com,noida,"Max Healthcare Partner Centre, Pune",LOC0178
PAT0179,Manoj Reddy,O,1997-01-01,9456367989,patient179@mail.com,ghaziabad,"Max Healthcare Partner Centre, Mumbai",LOC0179
PAT0180,Suresh Sharma,O,2015-06-24,9317139804,patient180@mail.com,gurugram,"Max Healthcare Partner Centre, Banguluru",LOC0180
PAT0181,Swati Bhatia,O,1993-02-04,9736857008,patient181@mail.com,lucknow,"Max Super Speciality Hospital, Saket",LOC0181
PAT0182,Aarav Yadav,O,1969-07-18,9671270336,patient182@mail.com,pune,"Max Super Speciality Hospital, Patparganj",LOC0182
PAT0183,Aditya Reddy,F,2020-04-27,9353812238,patient183@mail.com,Mumbai,"Max Super Speciality Hospital, Vaishali",LOC0183
PAT0184,Krishna Sharma,F,2005-11-17,9277058450,patient184@mail.com,Banguluru,"Max Super Speciality Hospital, Shalimar Bagh",LOC0184
PAT0185,Rohan Bhatia,O,2002-08-06,9192601793,patient185@mail.com,delhi,"Max Super Speciality Hospital, Gurgaon",LOC0185
PAT0186,Rahul Yadav,F,2008-07-05,9424862489,patient186@mail.com,noida,"Max Hospital, Noida",LOC0186
PAT0187,Ananya Reddy,M,1975-10-29,9302398389,patient187@mail.com,ghaziabad,"Max Hospital, Lucknow",LOC0187
PAT0188,Aisha Sharma,M,1962-02-09,9200850921,patient188@mail.com,gurugram,"Max Healthcare Partner Centre, Pune",LOC0188
PAT0189,Sneha Bhatia,F,1999-05-04,9280082843,patient189@mail.com,lucknow,"Max Healthcare Partner Centre, Mumbai",LOC0189
PAT0190,Priya Yadav,F,1981-11-29,9235521448,patient190@mail.com,pune,"Max Healthcare Partner Centre, Banguluru",LOC0190
PAT0191,Ritika Reddy,M,1996-08-11,9796151347,patient191@mail.com,Mumbai,"Max Super Speciality Hospital, Saket",LOC0191
PAT0192,Sanjay Sharma,F,2014-04-16,9129482477,patient192@mail.com,Banguluru,"Max Super Speciality Hospital, Patparganj",LOC0192
PAT0193,Manoj Bhatia,O,1973-09-01,9998044054,patient193@mail.com,delhi,"Max Super Speciality Hospital, Vaishali",LOC0193
PAT0194,Suresh Yadav,O,1970-02-08,9231724935,patient194@mail.com,noida,"Max Super Speciality Hospital, Shalimar Bagh",LOC0194
PAT0195,Swati Reddy,O,2005-01-19,9634060739,patient195@mail.com,ghaziabad,"Max Super Speciality Hospital, Gurgaon",LOC0195
PAT0196,Aarav Sharma,O,1986-02-21,9136584095,patient196@mail.com,gurugram,"Max Hospital, Noida",LOC0196
PAT0197,Aditya Bhatia,F,2017-03-26,9646689903,patient197@mail.com,lucknow,"Max Hospital, Lucknow",LOC0197
PAT0198,Krishna Yadav,F,1970-06-22,9180800396,patient198@mail.com,pune,"Max Healthcare Partner Centre, Pune",LOC0198
PAT0199,Rohan Reddy,O,1972-09-02,9227129436,patient199@mail.com,Mumbai,"Max Healthcare Partner Centre, Mumbai",LOC0199
PAT0200,Rahul Sharma,F,1957-07-14,9773308543,patient200@mail.com,Banguluru,"Max Healthcare Partner Centre, Banguluru",LOC0200
PAT0201,Ananya Bhatia,M,1979-10-15,9234914759,patient201@mail.com,delhi,"Max Super Speciality Hospital, Saket",LOC0201
PAT0202,Aisha Yadav,O,1996-02-06,9915614316,patient202@mail.com,noida,"Max Super Speciality Hospital, Patparganj",LOC0202
PAT0203,Sneha Reddy,M,1979-07-24,9923484715,patient203@mail.com,ghaziabad,"Max Super Speciality Hospital, Vaishali",LOC0203
PAT0204,Priya Sharma,O,1960-03-04,9876778825,patient204@mail.com,gurugram,"Max Super Speciality Hospital, Shalimar Bagh",LOC0204
PAT0205,Ritika Bhatia,M,2002-05-02,9249851177,patient205@mail.com,lucknow,"Max Super Speciality Hospital, Gurgaon",LOC0205
PAT0206,Sanjay Yadav,O,1965-12-25,9455160038,patient206@mail.com,pune,"Max Hospital, Noida",LOC0206
PAT0207,Manoj Reddy,O,2013-09-18,9637416002,patient207@mail.com,Mumbai,"Max Hospital, Lucknow",LOC0207
PAT0208,Suresh Sharma,M,1998-12-22,9175797904,patient208@mail.com,Banguluru,"Max Healthcare Partner Centre, Pune",LOC0208
PAT0209,Swati Bhatia,F,1964-01-30,9818837072,patient209@mail.com,delhi,"Max Healthcare Partner Centre, Mumbai",LOC0209
PAT0210,Aarav Yadav,O,1990-01-04,9575415818,patient210@mail.com,noida,"Max Healthcare Partner Centre, Banguluru",LOC0210
PAT0211,Aditya Reddy,O,1962-07-14,9694013595,patient211@mail.com,ghaziabad,"Max Super Speciality Hospital, Saket",LOC0211
PAT0212,Krishna Sharma,F,1968-11-29,9193697108,patient212@mail.com,gurugram,"Max Super Speciality Hospital, Patparganj",LOC0212
PAT0213,Rohan Bhatia,O,1965-12-25,9546600622,patient213@mail.com,lucknow,"Max Super Speciality Hospital, Vaishali",LOC0213
PAT0214,Rahul Yadav,F,1984-05-12,9982961343,patient214@mail.com,pune,"Max Super Speciality Hospital, Shalimar Bagh",LOC0214
PAT0215,Ananya Reddy,O,2012-07-12,9701107661,patient215@mail.com,Mumbai,"Max Super Speciality Hospital, Gurgaon",LOC0215
PAT0216,Aisha Sharma,O,1968-10-04,9921633443,patient216@mail.com,Banguluru,"Max Hospital, Noida",LOC0216
PAT0217,Sneha Bhatia,F,1973-08-04,9703574556,patient217@mail.com,delhi,"Max Hospital, Lucknow",LOC0217
PAT0218,Priya Yadav,F,1966-09-28,9426761048,patient218@mail.com,noida,"Max Healthcare Partner Centre, Pune",LOC0218
PAT0219,Ritika Reddy,M,1977-08-29,9781984834,patient219@mail.com,ghaziabad,"Max Healthcare Partner Centre, Mumbai",LOC0219
PAT0220,Sanjay Sharma,F,1972-05-18,9197019648,patient220@mail.com,gurugram,"Max Healthcare Partner Centre, Banguluru",LOC0220
